time_period_start,time_period_end,time_open,time_close,price_open,price_high,price_low,price_close,volume_traded,trades_count
2021-08-06T00:00:00.0000000Z,2021-08-06T00:15:00.0000000Z,2021-08-06T00:00:00.3560000Z,2021-08-06T00:14:59.6520000Z,6.22e-06,6.22e-06,6.18e-06,6.19e-06,72997472335,1269
2021-08-06T00:15:00.0000000Z,2021-08-06T00:30:00.0000000Z,2021-08-06T00:15:00.0150000Z,2021-08-06T00:29:59.8590000Z,6.18e-06,6.2e-06,6.15e-06,6.17e-06,82819604774,1445
2021-08-06T00:30:00.0000000Z,2021-08-06T00:45:00.0000000Z,2021-08-06T00:30:03.3820000Z,2021-08-06T00:44:59.1780000Z,6.17e-06,6.18e-06,6.16e-06,6.17e-06,30878615211,708
2021-08-06T00:45:00.0000000Z,2021-08-06T01:00:00.0000000Z,2021-08-06T00:45:00.9780000Z,2021-08-06T00:59:57.0810000Z,6.17e-06,6.18e-06,6.15e-06,6.15e-06,56901725851,1194
2021-08-06T01:00:00.0000000Z,2021-08-06T01:15:00.0000000Z,2021-08-06T01:00:00.1140000Z,2021-08-06T01:14:57.6550000Z,6.15e-06,6.17e-06,6.15e-06,6.16e-06,33856288984,719
2021-08-06T01:15:00.0000000Z,2021-08-06T01:30:00.0000000Z,2021-08-06T01:15:00.3270000Z,2021-08-06T01:29:58.1090000Z,6.16e-06,6.18e-06,6.15e-06,6.17e-06,30037593255,625
2021-08-06T01:30:00.0000000Z,2021-08-06T01:45:00.0000000Z,2021-08-06T01:30:00.0420000Z,2021-08-06T01:44:58.5650000Z,6.18e-06,6.18e-06,6.17e-06,6.18e-06,16010831930,500
2021-08-06T01:45:00.0000000Z,2021-08-06T02:00:00.0000000Z,2021-08-06T01:45:02.5320000Z,2021-08-06T01:59:57.9610000Z,6.18e-06,6.18e-06,6.17e-06,6.18e-06,13577545655,452
2021-08-06T02:00:00.0000000Z,2021-08-06T02:15:00.0000000Z,2021-08-06T02:00:02.0750000Z,2021-08-06T02:14:59.2000000Z,6.18e-06,6.19e-06,6.17e-06,6.17e-06,19655913013,505
2021-08-06T02:15:00.0000000Z,2021-08-06T02:30:00.0000000Z,2021-08-06T02:15:01.3130000Z,2021-08-06T02:29:56.1640000Z,6.18e-06,6.18e-06,6.17e-06,6.18e-06,16666114508,457
2021-08-06T02:30:00.0000000Z,2021-08-06T02:45:00.0000000Z,2021-08-06T02:30:05.9820000Z,2021-08-06T02:44:57.5610000Z,6.18e-06,6.18e-06,6.16e-06,6.16e-06,35573968089,795
2021-08-06T02:45:00.0000000Z,2021-08-06T03:00:00.0000000Z,2021-08-06T02:45:05.4350000Z,2021-08-06T02:59:58.5030000Z,6.17e-06,6.17e-06,6.16e-06,6.16e-06,17878046497,599
2021-08-06T03:00:00.0000000Z,2021-08-06T03:15:00.0000000Z,2021-08-06T03:00:00.6140000Z,2021-08-06T03:14:48.6250000Z,6.17e-06,6.17e-06,6.15e-06,6.16e-06,29285428753,719
2021-08-06T03:15:00.0000000Z,2021-08-06T03:30:00.0000000Z,2021-08-06T03:15:02.4790000Z,2021-08-06T03:29:58.4660000Z,6.16e-06,6.17e-06,6.15e-06,6.16e-06,34351451469,639
2021-08-06T03:30:00.0000000Z,2021-08-06T03:45:00.0000000Z,2021-08-06T03:30:04.7100000Z,2021-08-06T03:44:57.2620000Z,6.16e-06,6.17e-06,6.15e-06,6.16e-06,25875853928,576
2021-08-06T03:45:00.0000000Z,2021-08-06T04:00:00.0000000Z,2021-08-06T03:45:03.2130000Z,2021-08-06T03:59:59.8990000Z,6.17e-06,6.17e-06,6.15e-06,6.15e-06,22110768519,602
2021-08-06T04:00:00.0000000Z,2021-08-06T04:15:00.0000000Z,2021-08-06T04:00:04.6220000Z,2021-08-06T04:14:57.4250000Z,6.15e-06,6.17e-06,6.15e-06,6.16e-06,36253849423,763
2021-08-06T04:15:00.0000000Z,2021-08-06T04:30:00.0000000Z,2021-08-06T04:15:00.7010000Z,2021-08-06T04:29:58.5370000Z,6.15e-06,6.16e-06,6.14e-06,6.15e-06,42502795585,787
2021-08-06T04:30:00.0000000Z,2021-08-06T04:45:00.0000000Z,2021-08-06T04:30:03.6580000Z,2021-08-06T04:44:59.7580000Z,6.14e-06,6.16e-06,6.14e-06,6.15e-06,26539757642,658
2021-08-06T04:45:00.0000000Z,2021-08-06T05:00:00.0000000Z,2021-08-06T04:45:03.9430000Z,2021-08-06T04:59:57.2000000Z,6.15e-06,6.16e-06,6.14e-06,6.15e-06,25371031448,566
2021-08-06T05:00:00.0000000Z,2021-08-06T05:15:00.0000000Z,2021-08-06T05:00:06.5790000Z,2021-08-06T05:14:58.4300000Z,6.14e-06,6.15e-06,6.13e-06,6.14e-06,37332531775,866
2021-08-06T05:15:00.0000000Z,2021-08-06T05:30:00.0000000Z,2021-08-06T05:15:07.0520000Z,2021-08-06T05:29:58.6830000Z,6.15e-06,6.16e-06,6.14e-06,6.16e-06,38191904805,774
2021-08-06T05:30:00.0000000Z,2021-08-06T05:45:00.0000000Z,2021-08-06T05:30:00.0350000Z,2021-08-06T05:44:58.8470000Z,6.15e-06,6.18e-06,6.15e-06,6.17e-06,50036606854,868
2021-08-06T05:45:00.0000000Z,2021-08-06T06:00:00.0000000Z,2021-08-06T05:45:00.4370000Z,2021-08-06T05:59:59.7510000Z,6.16e-06,6.18e-06,6.16e-06,6.17e-06,37076166569,800
2021-08-06T06:00:00.0000000Z,2021-08-06T06:15:00.0000000Z,2021-08-06T06:00:03.2100000Z,2021-08-06T06:14:57.8940000Z,6.18e-06,6.18e-06,6.17e-06,6.17e-06,27432479439,766
2021-08-06T06:15:00.0000000Z,2021-08-06T06:30:00.0000000Z,2021-08-06T06:15:02.6160000Z,2021-08-06T06:29:55.0930000Z,6.17e-06,6.2e-06,6.17e-06,6.18e-06,69645001468,1469
2021-08-06T06:30:00.0000000Z,2021-08-06T06:45:00.0000000Z,2021-08-06T06:30:00.0770000Z,2021-08-06T06:44:58.6800000Z,6.19e-06,6.19e-06,6.16e-06,6.18e-06,48854802028,1066
2021-08-06T06:45:00.0000000Z,2021-08-06T07:00:00.0000000Z,2021-08-06T06:45:08.4220000Z,2021-08-06T06:59:59.6170000Z,6.17e-06,6.19e-06,6.16e-06,6.17e-06,51181816953,1032
2021-08-06T07:00:00.0000000Z,2021-08-06T07:15:00.0000000Z,2021-08-06T07:00:05.1760000Z,2021-08-06T07:14:59.4130000Z,6.18e-06,6.18e-06,6.16e-06,6.16e-06,61633121055,1397
2021-08-06T07:15:00.0000000Z,2021-08-06T07:30:00.0000000Z,2021-08-06T07:15:02.4770000Z,2021-08-06T07:29:59.9190000Z,6.17e-06,6.17e-06,6.15e-06,6.16e-06,53761307650,1083
2021-08-06T07:30:00.0000000Z,2021-08-06T07:45:00.0000000Z,2021-08-06T07:30:01.8070000Z,2021-08-06T07:44:57.5200000Z,6.15e-06,6.17e-06,6.15e-06,6.17e-06,36268809371,884
2021-08-06T07:45:00.0000000Z,2021-08-06T08:00:00.0000000Z,2021-08-06T07:45:00.1320000Z,2021-08-06T07:59:59.2100000Z,6.16e-06,6.17e-06,6.15e-06,6.17e-06,48388848912,1088
2021-08-06T08:00:00.0000000Z,2021-08-06T08:15:00.0000000Z,2021-08-06T08:00:00.8020000Z,2021-08-06T08:14:57.1050000Z,6.15e-06,6.17e-06,6.15e-06,6.16e-06,43826008308,1127
2021-08-06T08:15:00.0000000Z,2021-08-06T08:30:00.0000000Z,2021-08-06T08:15:01.6510000Z,2021-08-06T08:29:59.9070000Z,6.17e-06,6.17e-06,6.13e-06,6.13e-06,143554118068,2743
2021-08-06T08:30:00.0000000Z,2021-08-06T08:45:00.0000000Z,2021-08-06T08:30:00.5140000Z,2021-08-06T08:44:54.9370000Z,6.13e-06,6.15e-06,6.13e-06,6.15e-06,61662021886,1217
2021-08-06T08:45:00.0000000Z,2021-08-06T09:00:00.0000000Z,2021-08-06T08:45:01.5020000Z,2021-08-06T08:59:59.6170000Z,6.15e-06,6.16e-06,6.14e-06,6.15e-06,78626461166,1458
2021-08-06T09:00:00.0000000Z,2021-08-06T09:15:00.0000000Z,2021-08-06T09:00:01.6470000Z,2021-08-06T09:14:59.0780000Z,6.16e-06,6.17e-06,6.15e-06,6.15e-06,71995213976,1665
2021-08-06T09:15:00.0000000Z,2021-08-06T09:30:00.0000000Z,2021-08-06T09:15:00.1430000Z,2021-08-06T09:29:58.9000000Z,6.15e-06,6.18e-06,6.15e-06,6.18e-06,74124163311,1812
2021-08-06T09:30:00.0000000Z,2021-08-06T09:45:00.0000000Z,2021-08-06T09:30:00.6940000Z,2021-08-06T09:44:59.7150000Z,6.17e-06,6.18e-06,6.16e-06,6.16e-06,69236661445,1502
2021-08-06T09:45:00.0000000Z,2021-08-06T10:00:00.0000000Z,2021-08-06T09:45:00.0470000Z,2021-08-06T09:59:59.8720000Z,6.17e-06,6.17e-06,6.16e-06,6.16e-06,52917614725,1371
2021-08-06T10:00:00.0000000Z,2021-08-06T10:15:00.0000000Z,2021-08-06T10:00:01.0690000Z,2021-08-06T10:14:59.6980000Z,6.16e-06,6.17e-06,6.15e-06,6.16e-06,53254891614,1483
2021-08-06T10:15:00.0000000Z,2021-08-06T10:30:00.0000000Z,2021-08-06T10:15:00.5570000Z,2021-08-06T10:29:59.3490000Z,6.15e-06,6.17e-06,6.15e-06,6.17e-06,48403744210,1159
2021-08-06T10:30:00.0000000Z,2021-08-06T10:45:00.0000000Z,2021-08-06T10:30:01.8050000Z,2021-08-06T10:44:58.0580000Z,6.16e-06,6.17e-06,6.16e-06,6.16e-06,46131789438,1175
2021-08-06T10:45:00.0000000Z,2021-08-06T11:00:00.0000000Z,2021-08-06T10:45:00.2150000Z,2021-08-06T10:59:59.4170000Z,6.16e-06,6.18e-06,6.16e-06,6.18e-06,60505468223,1596
2021-08-06T11:00:00.0000000Z,2021-08-06T11:15:00.0000000Z,2021-08-06T11:00:00.1350000Z,2021-08-06T11:14:59.9780000Z,6.17e-06,6.18e-06,6.16e-06,6.17e-06,43085017493,1171
2021-08-06T11:15:00.0000000Z,2021-08-06T11:30:00.0000000Z,2021-08-06T11:15:00.2630000Z,2021-08-06T11:29:59.5270000Z,6.16e-06,6.17e-06,6.16e-06,6.17e-06,44126995015,1122
2021-08-06T11:30:00.0000000Z,2021-08-06T11:45:00.0000000Z,2021-08-06T11:30:00.9080000Z,2021-08-06T11:44:58.0120000Z,6.16e-06,6.19e-06,6.16e-06,6.17e-06,60710378354,1373
2021-08-06T11:45:00.0000000Z,2021-08-06T12:00:00.0000000Z,2021-08-06T11:45:02.4020000Z,2021-08-06T11:59:58.4790000Z,6.17e-06,6.18e-06,6.16e-06,6.17e-06,62066329055,1480
2021-08-06T12:00:00.0000000Z,2021-08-06T12:15:00.0000000Z,2021-08-06T12:00:00.8030000Z,2021-08-06T12:14:57.9510000Z,6.16e-06,6.18e-06,6.15e-06,6.18e-06,67730715727,1822
2021-08-06T12:15:00.0000000Z,2021-08-06T12:30:00.0000000Z,2021-08-06T12:15:00.1170000Z,2021-08-06T12:29:59.5600000Z,6.18e-06,6.19e-06,6.17e-06,6.19e-06,61263094851,1717
2021-08-06T12:30:00.0000000Z,2021-08-06T12:45:00.0000000Z,2021-08-06T12:30:01.3480000Z,2021-08-06T12:44:59.0870000Z,6.18e-06,6.19e-06,6.17e-06,6.17e-06,60630578236,1613
2021-08-06T12:45:00.0000000Z,2021-08-06T13:00:00.0000000Z,2021-08-06T12:45:01.2940000Z,2021-08-06T12:59:58.9150000Z,6.17e-06,6.18e-06,6.16e-06,6.17e-06,78809992670,1454
2021-08-06T13:00:00.0000000Z,2021-08-06T13:15:00.0000000Z,2021-08-06T13:00:00.5020000Z,2021-08-06T13:14:59.3550000Z,6.17e-06,6.19e-06,6.17e-06,6.19e-06,64381870117,1173
2021-08-06T13:15:00.0000000Z,2021-08-06T13:30:00.0000000Z,2021-08-06T13:15:00.8100000Z,2021-08-06T13:29:59.9980000Z,6.18e-06,6.2e-06,6.18e-06,6.19e-06,90097397198,1698
2021-08-06T13:30:00.0000000Z,2021-08-06T13:45:00.0000000Z,2021-08-06T13:30:00.9880000Z,2021-08-06T13:44:59.1170000Z,6.2e-06,6.24e-06,6.19e-06,6.23e-06,140004557770,2338
2021-08-06T13:45:00.0000000Z,2021-08-06T14:00:00.0000000Z,2021-08-06T13:45:00.0110000Z,2021-08-06T13:59:59.9230000Z,6.23e-06,6.29e-06,6.23e-06,6.26e-06,277225550925,4750
2021-08-06T14:00:00.0000000Z,2021-08-06T14:15:00.0000000Z,2021-08-06T14:00:00.0750000Z,2021-08-06T14:14:57.4010000Z,6.26e-06,6.28e-06,6.23e-06,6.23e-06,150409370718,2829
2021-08-06T14:15:00.0000000Z,2021-08-06T14:30:00.0000000Z,2021-08-06T14:15:01.6410000Z,2021-08-06T14:29:58.7500000Z,6.23e-06,6.24e-06,6.21e-06,6.22e-06,129442082556,1996
2021-08-06T14:30:00.0000000Z,2021-08-06T14:45:00.0000000Z,2021-08-06T14:30:00.5710000Z,2021-08-06T14:44:59.7470000Z,6.22e-06,6.23e-06,6.22e-06,6.22e-06,60665083722,1257
2021-08-06T14:45:00.0000000Z,2021-08-06T15:00:00.0000000Z,2021-08-06T14:45:00.1360000Z,2021-08-06T14:59:58.6900000Z,6.22e-06,6.27e-06,6.22e-06,6.26e-06,152541550089,1881
2021-08-06T15:00:00.0000000Z,2021-08-06T15:15:00.0000000Z,2021-08-06T15:00:00.1430000Z,2021-08-06T15:14:56.8980000Z,6.25e-06,6.27e-06,6.24e-06,6.26e-06,76895829638,1526
2021-08-06T15:15:00.0000000Z,2021-08-06T15:30:00.0000000Z,2021-08-06T15:15:00.2450000Z,2021-08-06T15:29:59.9400000Z,6.25e-06,6.28e-06,6.25e-06,6.27e-06,127851360422,2453
2021-08-06T15:30:00.0000000Z,2021-08-06T15:45:00.0000000Z,2021-08-06T15:30:01.6540000Z,2021-08-06T15:44:59.8690000Z,6.27e-06,6.29e-06,6.26e-06,6.27e-06,162436354369,2580
2021-08-06T15:45:00.0000000Z,2021-08-06T16:00:00.0000000Z,2021-08-06T15:45:00.6440000Z,2021-08-06T15:59:59.6820000Z,6.27e-06,6.3e-06,6.27e-06,6.28e-06,163071653909,2623
2021-08-06T16:00:00.0000000Z,2021-08-06T16:15:00.0000000Z,2021-08-06T16:00:00.0000000Z,2021-08-06T16:14:59.5680000Z,6.28e-06,6.3e-06,6.27e-06,6.27e-06,255880215599,3943
2021-08-06T16:15:00.0000000Z,2021-08-06T16:30:00.0000000Z,2021-08-06T16:15:00.1670000Z,2021-08-06T16:29:59.8010000Z,6.27e-06,6.28e-06,6.24e-06,6.28e-06,229186979914,3795
2021-08-06T16:30:00.0000000Z,2021-08-06T16:45:00.0000000Z,2021-08-06T16:30:00.4160000Z,2021-08-06T16:44:59.2810000Z,6.27e-06,6.29e-06,6.25e-06,6.29e-06,138497784565,2361
2021-08-06T16:45:00.0000000Z,2021-08-06T17:00:00.0000000Z,2021-08-06T16:45:00.0280000Z,2021-08-06T16:59:58.6500000Z,6.28e-06,6.29e-06,6.25e-06,6.26e-06,89213267500,2015
2021-08-06T17:00:00.0000000Z,2021-08-06T17:15:00.0000000Z,2021-08-06T17:00:00.6800000Z,2021-08-06T17:14:59.2150000Z,6.25e-06,6.29e-06,6.25e-06,6.28e-06,127483509969,2256
2021-08-06T17:15:00.0000000Z,2021-08-06T17:30:00.0000000Z,2021-08-06T17:15:01.6410000Z,2021-08-06T17:29:59.3180000Z,6.29e-06,6.34e-06,6.27e-06,6.34e-06,182789957417,3344
2021-08-06T17:30:00.0000000Z,2021-08-06T17:45:00.0000000Z,2021-08-06T17:30:00.0770000Z,2021-08-06T17:44:59.3270000Z,6.33e-06,6.39e-06,6.33e-06,6.35e-06,304891351911,5649
2021-08-06T17:45:00.0000000Z,2021-08-06T18:00:00.0000000Z,2021-08-06T17:45:01.4890000Z,2021-08-06T17:59:59.7650000Z,6.36e-06,6.38e-06,6.35e-06,6.37e-06,184301343887,2928
2021-08-06T18:00:00.0000000Z,2021-08-06T18:15:00.0000000Z,2021-08-06T18:00:00.4910000Z,2021-08-06T18:14:58.7140000Z,6.37e-06,6.38e-06,6.35e-06,6.35e-06,185964712017,2808
2021-08-06T18:15:00.0000000Z,2021-08-06T18:30:00.0000000Z,2021-08-06T18:15:01.0310000Z,2021-08-06T18:29:59.5650000Z,6.35e-06,6.37e-06,6.34e-06,6.34e-06,87845094454,1950
2021-08-06T18:30:00.0000000Z,2021-08-06T18:45:00.0000000Z,2021-08-06T18:30:00.2090000Z,2021-08-06T18:44:59.7010000Z,6.35e-06,6.36e-06,6.34e-06,6.34e-06,121614095330,2342
2021-08-06T18:45:00.0000000Z,2021-08-06T19:00:00.0000000Z,2021-08-06T18:45:00.2860000Z,2021-08-06T18:59:59.7700000Z,6.34e-06,6.35e-06,6.32e-06,6.34e-06,97103294457,2133
2021-08-06T19:00:00.0000000Z,2021-08-06T19:15:00.0000000Z,2021-08-06T19:00:00.0240000Z,2021-08-06T19:14:58.8020000Z,6.34e-06,6.37e-06,6.33e-06,6.36e-06,146659314522,2422
2021-08-06T19:15:00.0000000Z,2021-08-06T19:30:00.0000000Z,2021-08-06T19:15:00.0620000Z,2021-08-06T19:29:59.7360000Z,6.36e-06,6.39e-06,6.36e-06,6.37e-06,106457111052,2205
2021-08-06T19:30:00.0000000Z,2021-08-06T19:45:00.0000000Z,2021-08-06T19:30:02.1120000Z,2021-08-06T19:44:59.9400000Z,6.38e-06,6.42e-06,6.35e-06,6.41e-06,213151682927,4478
2021-08-06T19:45:00.0000000Z,2021-08-06T20:00:00.0000000Z,2021-08-06T19:45:00.1680000Z,2021-08-06T19:59:59.2500000Z,6.41e-06,6.42e-06,6.36e-06,6.39e-06,202932297001,3142
2021-08-06T20:00:00.0000000Z,2021-08-06T20:15:00.0000000Z,2021-08-06T20:00:00.3550000Z,2021-08-06T20:14:56.7480000Z,6.39e-06,6.4e-06,6.37e-06,6.37e-06,86207740062,1801
2021-08-06T20:15:00.0000000Z,2021-08-06T20:30:00.0000000Z,2021-08-06T20:15:01.2480000Z,2021-08-06T20:29:59.9250000Z,6.37e-06,6.38e-06,6.3e-06,6.32e-06,133408196225,2778
2021-08-06T20:30:00.0000000Z,2021-08-06T20:45:00.0000000Z,2021-08-06T20:30:00.1890000Z,2021-08-06T20:44:59.8020000Z,6.32e-06,6.36e-06,6.32e-06,6.34e-06,59573728309,1446
2021-08-06T20:45:00.0000000Z,2021-08-06T21:00:00.0000000Z,2021-08-06T20:45:00.3140000Z,2021-08-06T20:59:59.6420000Z,6.34e-06,6.36e-06,6.32e-06,6.33e-06,89998365590,1614
2021-08-06T21:00:00.0000000Z,2021-08-06T21:15:00.0000000Z,2021-08-06T21:00:01.1760000Z,2021-08-06T21:14:59.6950000Z,6.32e-06,6.34e-06,6.25e-06,6.27e-06,159269186303,2656
2021-08-06T21:15:00.0000000Z,2021-08-06T21:30:00.0000000Z,2021-08-06T21:15:00.3480000Z,2021-08-06T21:29:59.7080000Z,6.28e-06,6.3e-06,6.27e-06,6.28e-06,58449961353,1370
2021-08-06T21:30:00.0000000Z,2021-08-06T21:45:00.0000000Z,2021-08-06T21:30:00.5350000Z,2021-08-06T21:44:59.6980000Z,6.29e-06,6.3e-06,6.28e-06,6.3e-06,40641136744,1093
2021-08-06T21:45:00.0000000Z,2021-08-06T22:00:00.0000000Z,2021-08-06T21:45:01.0130000Z,2021-08-06T21:59:58.0850000Z,6.29e-06,6.32e-06,6.27e-06,6.28e-06,63548833677,1493
2021-08-06T22:00:00.0000000Z,2021-08-06T22:15:00.0000000Z,2021-08-06T22:00:00.6220000Z,2021-08-06T22:14:59.4050000Z,6.27e-06,6.3e-06,6.27e-06,6.29e-06,58052420424,1237
2021-08-06T22:15:00.0000000Z,2021-08-06T22:30:00.0000000Z,2021-08-06T22:15:02.8800000Z,2021-08-06T22:29:59.7070000Z,6.3e-06,6.3e-06,6.25e-06,6.27e-06,123164168275,1932
2021-08-06T22:30:00.0000000Z,2021-08-06T22:45:00.0000000Z,2021-08-06T22:30:00.6530000Z,2021-08-06T22:44:59.6590000Z,6.27e-06,6.28e-06,6.25e-06,6.26e-06,77920948088,1271
2021-08-06T22:45:00.0000000Z,2021-08-06T23:00:00.0000000Z,2021-08-06T22:45:01.6920000Z,2021-08-06T22:59:59.0990000Z,6.26e-06,6.29e-06,6.25e-06,6.28e-06,50095444799,995
2021-08-06T23:00:00.0000000Z,2021-08-06T23:15:00.0000000Z,2021-08-06T23:00:01.1850000Z,2021-08-06T23:14:59.5110000Z,6.29e-06,6.29e-06,6.26e-06,6.28e-06,34545121498,854
2021-08-06T23:15:00.0000000Z,2021-08-06T23:30:00.0000000Z,2021-08-06T23:15:03.4710000Z,2021-08-06T23:29:58.3620000Z,6.28e-06,6.31e-06,6.27e-06,6.3e-06,41761961476,957
2021-08-06T23:30:00.0000000Z,2021-08-06T23:45:00.0000000Z,2021-08-06T23:30:00.2010000Z,2021-08-06T23:44:59.2260000Z,6.3e-06,6.31e-06,6.29e-06,6.3e-06,51590452180,952
2021-08-06T23:45:00.0000000Z,2021-08-07T00:00:00.0000000Z,2021-08-06T23:45:03.1090000Z,2021-08-06T23:59:59.2080000Z,6.31e-06,6.32e-06,6.3e-06,6.3e-06,35598885384,745
2021-08-07T00:00:00.0000000Z,2021-08-07T00:15:00.0000000Z,2021-08-07T00:00:01.9920000Z,2021-08-07T00:14:59.3890000Z,6.31e-06,6.32e-06,6.29e-06,6.3e-06,54915444474,990
2021-08-07T00:15:00.0000000Z,2021-08-07T00:30:00.0000000Z,2021-08-07T00:15:00.2240000Z,2021-08-07T00:29:58.3590000Z,6.31e-06,6.31e-06,6.29e-06,6.29e-06,40034333072,987
2021-08-07T00:30:00.0000000Z,2021-08-07T00:45:00.0000000Z,2021-08-07T00:30:08.1340000Z,2021-08-07T00:44:59.6260000Z,6.3e-06,6.38e-06,6.29e-06,6.38e-06,62149246302,1420
2021-08-07T00:45:00.0000000Z,2021-08-07T01:00:00.0000000Z,2021-08-07T00:45:01.2080000Z,2021-08-07T00:59:59.8720000Z,6.37e-06,6.39e-06,6.36e-06,6.36e-06,67052042348,1508
2021-08-07T01:00:00.0000000Z,2021-08-07T01:15:00.0000000Z,2021-08-07T01:00:00.6080000Z,2021-08-07T01:14:58.0370000Z,6.37e-06,6.37e-06,6.33e-06,6.35e-06,69879493834,1422
2021-08-07T01:15:00.0000000Z,2021-08-07T01:30:00.0000000Z,2021-08-07T01:15:00.1950000Z,2021-08-07T01:29:59.4650000Z,6.34e-06,6.38e-06,6.34e-06,6.38e-06,49252007668,1114
2021-08-07T01:30:00.0000000Z,2021-08-07T01:45:00.0000000Z,2021-08-07T01:30:01.8180000Z,2021-08-07T01:44:59.6660000Z,6.38e-06,6.5e-06,6.38e-06,6.5e-06,351360890582,7048
2021-08-07T01:45:00.0000000Z,2021-08-07T02:00:00.0000000Z,2021-08-07T01:45:00.1740000Z,2021-08-07T01:59:59.1980000Z,6.5e-06,6.69e-06,6.48e-06,6.65e-06,782554382400,16660
2021-08-07T02:00:00.0000000Z,2021-08-07T02:15:00.0000000Z,2021-08-07T02:00:00.6580000Z,2021-08-07T02:14:59.6020000Z,6.65e-06,6.84e-06,6.57e-06,6.84e-06,914697261740,15371
2021-08-07T02:15:00.0000000Z,2021-08-07T02:30:00.0000000Z,2021-08-07T02:15:00.2800000Z,2021-08-07T02:29:59.0950000Z,6.84e-06,6.84e-06,6.68e-06,6.75e-06,511409294414,8771
2021-08-07T02:30:00.0000000Z,2021-08-07T02:45:00.0000000Z,2021-08-07T02:30:00.2230000Z,2021-08-07T02:44:59.7290000Z,6.74e-06,6.75e-06,6.64e-06,6.66e-06,372535144135,5708
2021-08-07T02:45:00.0000000Z,2021-08-07T03:00:00.0000000Z,2021-08-07T02:45:00.6400000Z,2021-08-07T02:59:59.2790000Z,6.67e-06,6.73e-06,6.65e-06,6.71e-06,249453366184,3732
2021-08-07T03:00:00.0000000Z,2021-08-07T03:15:00.0000000Z,2021-08-07T03:00:00.2450000Z,2021-08-07T03:14:55.6740000Z,6.72e-06,6.73e-06,6.67e-06,6.68e-06,109413246092,2279
2021-08-07T03:15:00.0000000Z,2021-08-07T03:30:00.0000000Z,2021-08-07T03:15:00.3660000Z,2021-08-07T03:29:59.9420000Z,6.67e-06,6.69e-06,6.59e-06,6.67e-06,280272717237,4976
2021-08-07T03:30:00.0000000Z,2021-08-07T03:45:00.0000000Z,2021-08-07T03:30:00.1530000Z,2021-08-07T03:44:59.9610000Z,6.68e-06,6.7e-06,6.62e-06,6.66e-06,193939362107,2728
2021-08-07T03:45:00.0000000Z,2021-08-07T04:00:00.0000000Z,2021-08-07T03:45:00.5380000Z,2021-08-07T03:59:59.7870000Z,6.66e-06,6.73e-06,6.65e-06,6.7e-06,275983509847,3559
2021-08-07T04:00:00.0000000Z,2021-08-07T04:15:00.0000000Z,2021-08-07T04:00:01.1940000Z,2021-08-07T04:14:59.4450000Z,6.7e-06,6.71e-06,6.65e-06,6.7e-06,140843653963,2437
2021-08-07T04:15:00.0000000Z,2021-08-07T04:30:00.0000000Z,2021-08-07T04:15:00.2420000Z,2021-08-07T04:29:59.3790000Z,6.71e-06,6.71e-06,6.64e-06,6.67e-06,158971456958,2496
2021-08-07T04:30:00.0000000Z,2021-08-07T04:45:00.0000000Z,2021-08-07T04:30:00.2670000Z,2021-08-07T04:44:58.8110000Z,6.66e-06,6.7e-06,6.64e-06,6.68e-06,145719966306,2092
2021-08-07T04:45:00.0000000Z,2021-08-07T05:00:00.0000000Z,2021-08-07T04:45:00.8180000Z,2021-08-07T04:59:59.0990000Z,6.68e-06,6.69e-06,6.51e-06,6.56e-06,341982250734,5583
2021-08-07T05:00:00.0000000Z,2021-08-07T05:15:00.0000000Z,2021-08-07T05:00:00.0720000Z,2021-08-07T05:14:59.9300000Z,6.55e-06,6.63e-06,6.55e-06,6.6e-06,132563374520,2336
2021-08-07T05:15:00.0000000Z,2021-08-07T05:30:00.0000000Z,2021-08-07T05:15:01.2710000Z,2021-08-07T05:29:59.5570000Z,6.59e-06,6.6e-06,6.56e-06,6.58e-06,111746126246,2214
2021-08-07T05:30:00.0000000Z,2021-08-07T05:45:00.0000000Z,2021-08-07T05:30:00.2190000Z,2021-08-07T05:44:59.1020000Z,6.58e-06,6.63e-06,6.58e-06,6.63e-06,93879719603,2013
2021-08-07T05:45:00.0000000Z,2021-08-07T06:00:00.0000000Z,2021-08-07T05:45:01.3160000Z,2021-08-07T05:59:59.9850000Z,6.62e-06,6.63e-06,6.59e-06,6.61e-06,73524009890,1560
2021-08-07T06:00:00.0000000Z,2021-08-07T06:15:00.0000000Z,2021-08-07T06:00:00.7740000Z,2021-08-07T06:14:59.9140000Z,6.6e-06,6.62e-06,6.54e-06,6.6e-06,145444163720,2393
2021-08-07T06:15:00.0000000Z,2021-08-07T06:30:00.0000000Z,2021-08-07T06:15:02.4500000Z,2021-08-07T06:29:58.9320000Z,6.59e-06,6.61e-06,6.57e-06,6.59e-06,92870276198,1608
2021-08-07T06:30:00.0000000Z,2021-08-07T06:45:00.0000000Z,2021-08-07T06:30:00.8680000Z,2021-08-07T06:44:59.9100000Z,6.59e-06,6.59e-06,6.54e-06,6.55e-06,157103362320,2736
2021-08-07T06:45:00.0000000Z,2021-08-07T07:00:00.0000000Z,2021-08-07T06:45:00.0140000Z,2021-08-07T06:59:59.9010000Z,6.56e-06,6.6e-06,6.55e-06,6.59e-06,83321795005,1566
2021-08-07T07:00:00.0000000Z,2021-08-07T07:15:00.0000000Z,2021-08-07T07:00:00.0140000Z,2021-08-07T07:14:59.8310000Z,6.58e-06,6.6e-06,6.57e-06,6.57e-06,73836655155,1538
2021-08-07T07:15:00.0000000Z,2021-08-07T07:30:00.0000000Z,2021-08-07T07:15:03.2070000Z,2021-08-07T07:29:59.5530000Z,6.57e-06,6.6e-06,6.56e-06,6.58e-06,61560097028,1456
2021-08-07T07:30:00.0000000Z,2021-08-07T07:45:00.0000000Z,2021-08-07T07:30:00.2890000Z,2021-08-07T07:44:59.1880000Z,6.58e-06,6.66e-06,6.57e-06,6.63e-06,151803676882,2627
2021-08-07T07:45:00.0000000Z,2021-08-07T08:00:00.0000000Z,2021-08-07T07:45:00.2780000Z,2021-08-07T07:59:58.9830000Z,6.63e-06,6.65e-06,6.59e-06,6.59e-06,112630269024,2255
2021-08-07T08:00:00.0000000Z,2021-08-07T08:15:00.0000000Z,2021-08-07T08:00:02.6360000Z,2021-08-07T08:14:59.8370000Z,6.6e-06,6.6e-06,6.56e-06,6.58e-06,109186457178,2018
2021-08-07T08:15:00.0000000Z,2021-08-07T08:30:00.0000000Z,2021-08-07T08:15:03.1480000Z,2021-08-07T08:29:59.7700000Z,6.58e-06,6.62e-06,6.58e-06,6.6e-06,86312957381,1665
2021-08-07T08:30:00.0000000Z,2021-08-07T08:45:00.0000000Z,2021-08-07T08:30:01.7650000Z,2021-08-07T08:44:57.3220000Z,6.6e-06,6.63e-06,6.58e-06,6.62e-06,88801870667,1785
2021-08-07T08:45:00.0000000Z,2021-08-07T09:00:00.0000000Z,2021-08-07T08:45:00.4270000Z,2021-08-07T08:59:59.5950000Z,6.62e-06,6.65e-06,6.61e-06,6.63e-06,100046340107,1825
2021-08-07T09:00:00.0000000Z,2021-08-07T09:15:00.0000000Z,2021-08-07T09:00:00.2570000Z,2021-08-07T09:14:59.6190000Z,6.64e-06,6.66e-06,6.61e-06,6.65e-06,128093587047,2236
2021-08-07T09:15:00.0000000Z,2021-08-07T09:30:00.0000000Z,2021-08-07T09:15:00.2310000Z,2021-08-07T09:29:59.7780000Z,6.65e-06,6.7e-06,6.64e-06,6.69e-06,163809286550,3489
2021-08-07T09:30:00.0000000Z,2021-08-07T09:45:00.0000000Z,2021-08-07T09:30:00.6610000Z,2021-08-07T09:44:59.8970000Z,6.7e-06,7.04e-06,6.69e-06,6.99e-06,1584133898013,28411
2021-08-07T09:45:00.0000000Z,2021-08-07T10:00:00.0000000Z,2021-08-07T09:45:00.1260000Z,2021-08-07T09:59:59.9670000Z,6.98e-06,7.27e-06,6.89e-06,7.26e-06,1611829361449,23713
2021-08-07T10:00:00.0000000Z,2021-08-07T10:15:00.0000000Z,2021-08-07T10:00:00.0670000Z,2021-08-07T10:14:59.7610000Z,7.26e-06,7.28e-06,7.09e-06,7.16e-06,1039570326653,16668
2021-08-07T10:15:00.0000000Z,2021-08-07T10:30:00.0000000Z,2021-08-07T10:15:00.3120000Z,2021-08-07T10:29:59.9990000Z,7.16e-06,7.23e-06,7.02e-06,7.11e-06,680327997215,10732
2021-08-07T10:30:00.0000000Z,2021-08-07T10:45:00.0000000Z,2021-08-07T10:30:00.0240000Z,2021-08-07T10:44:58.7380000Z,7.11e-06,7.19e-06,7.02e-06,7.09e-06,485879420649,7752
2021-08-07T10:45:00.0000000Z,2021-08-07T11:00:00.0000000Z,2021-08-07T10:45:00.3330000Z,2021-08-07T10:59:59.8330000Z,7.09e-06,7.15e-06,7.08e-06,7.1e-06,269753140419,4912
2021-08-07T11:00:00.0000000Z,2021-08-07T11:15:00.0000000Z,2021-08-07T11:00:00.1940000Z,2021-08-07T11:14:59.7750000Z,7.1e-06,7.12e-06,7.01e-06,7.03e-06,319026193828,6214
2021-08-07T11:15:00.0000000Z,2021-08-07T11:30:00.0000000Z,2021-08-07T11:15:00.0140000Z,2021-08-07T11:29:59.9490000Z,7.03e-06,7.05e-06,6.93e-06,7.02e-06,460044086095,8117
2021-08-07T11:30:00.0000000Z,2021-08-07T11:45:00.0000000Z,2021-08-07T11:30:00.3310000Z,2021-08-07T11:44:59.9710000Z,7.03e-06,7.21e-06,7.02e-06,7.21e-06,396435708208,6631
2021-08-07T11:45:00.0000000Z,2021-08-07T12:00:00.0000000Z,2021-08-07T11:45:00.0000000Z,2021-08-07T11:59:59.9400000Z,7.2e-06,7.21e-06,7.09e-06,7.13e-06,333464690469,6957
2021-08-07T12:00:00.0000000Z,2021-08-07T12:15:00.0000000Z,2021-08-07T12:00:00.1840000Z,2021-08-07T12:14:59.6320000Z,7.14e-06,7.19e-06,7.1e-06,7.14e-06,366742100458,5772
2021-08-07T12:15:00.0000000Z,2021-08-07T12:30:00.0000000Z,2021-08-07T12:15:00.0340000Z,2021-08-07T12:29:59.7400000Z,7.14e-06,7.14e-06,7.05e-06,7.13e-06,325057686266,5462
2021-08-07T12:30:00.0000000Z,2021-08-07T12:45:00.0000000Z,2021-08-07T12:30:00.4060000Z,2021-08-07T12:44:59.6230000Z,7.13e-06,7.13e-06,6.97e-06,6.99e-06,347881309554,5924
2021-08-07T12:45:00.0000000Z,2021-08-07T13:00:00.0000000Z,2021-08-07T12:45:01.1820000Z,2021-08-07T12:59:59.2070000Z,6.99e-06,6.99e-06,6.73e-06,6.86e-06,793839295702,13025
2021-08-07T13:00:00.0000000Z,2021-08-07T13:15:00.0000000Z,2021-08-07T13:00:00.4030000Z,2021-08-07T13:14:59.9110000Z,6.86e-06,6.86e-06,6.75e-06,6.8e-06,473946703351,6976
2021-08-07T13:15:00.0000000Z,2021-08-07T13:30:00.0000000Z,2021-08-07T13:15:00.6400000Z,2021-08-07T13:29:59.0560000Z,6.79e-06,6.95e-06,6.77e-06,6.92e-06,359358418997,5681
2021-08-07T13:30:00.0000000Z,2021-08-07T13:45:00.0000000Z,2021-08-07T13:30:00.1550000Z,2021-08-07T13:44:58.4830000Z,6.92e-06,6.95e-06,6.82e-06,6.89e-06,310027013158,4651
2021-08-07T13:45:00.0000000Z,2021-08-07T14:00:00.0000000Z,2021-08-07T13:45:00.3150000Z,2021-08-07T13:59:59.9990000Z,6.89e-06,6.9e-06,6.79e-06,6.8e-06,261486256298,4012
2021-08-07T14:00:00.0000000Z,2021-08-07T14:15:00.0000000Z,2021-08-07T14:00:00.0640000Z,2021-08-07T14:14:59.1920000Z,6.79e-06,6.94e-06,6.79e-06,6.91e-06,242193453157,4274
2021-08-07T14:15:00.0000000Z,2021-08-07T14:30:00.0000000Z,2021-08-07T14:15:00.6430000Z,2021-08-07T14:29:59.7630000Z,6.91e-06,6.98e-06,6.9e-06,6.98e-06,269867697653,4064
2021-08-07T14:30:00.0000000Z,2021-08-07T14:45:00.0000000Z,2021-08-07T14:30:00.0360000Z,2021-08-07T14:44:59.7000000Z,6.98e-06,7.1e-06,6.97e-06,7.07e-06,614575911241,8847
2021-08-07T14:45:00.0000000Z,2021-08-07T15:00:00.0000000Z,2021-08-07T14:45:00.4940000Z,2021-08-07T14:59:59.3130000Z,7.07e-06,7.19e-06,7.06e-06,7.11e-06,630872410016,10360
2021-08-07T15:00:00.0000000Z,2021-08-07T15:15:00.0000000Z,2021-08-07T15:00:00.1890000Z,2021-08-07T15:14:59.9960000Z,7.11e-06,7.14e-06,6.96e-06,7.12e-06,531890297164,7791
2021-08-07T15:15:00.0000000Z,2021-08-07T15:30:00.0000000Z,2021-08-07T15:15:02.4130000Z,2021-08-07T15:29:59.9920000Z,7.12e-06,7.13e-06,7e-06,7.01e-06,247891509215,4644
2021-08-07T15:30:00.0000000Z,2021-08-07T15:45:00.0000000Z,2021-08-07T15:30:00.3050000Z,2021-08-07T15:44:59.3890000Z,7.02e-06,7.08e-06,7.01e-06,7.05e-06,162057198299,3089
2021-08-07T15:45:00.0000000Z,2021-08-07T16:00:00.0000000Z,2021-08-07T15:45:00.6990000Z,2021-08-07T15:59:59.4190000Z,7.05e-06,7.05e-06,6.94e-06,6.99e-06,256261715319,4537
2021-08-07T16:00:00.0000000Z,2021-08-07T16:15:00.0000000Z,2021-08-07T16:00:00.3300000Z,2021-08-07T16:14:59.1980000Z,6.99e-06,7.04e-06,6.82e-06,6.89e-06,561625115578,9039
2021-08-07T16:15:00.0000000Z,2021-08-07T16:30:00.0000000Z,2021-08-07T16:15:00.2500000Z,2021-08-07T16:29:59.8470000Z,6.9e-06,6.94e-06,6.74e-06,6.8e-06,497526094389,7091
2021-08-07T16:30:00.0000000Z,2021-08-07T16:45:00.0000000Z,2021-08-07T16:30:00.1970000Z,2021-08-07T16:44:59.8520000Z,6.8e-06,6.95e-06,6.79e-06,6.92e-06,259321333897,4537
2021-08-07T16:45:00.0000000Z,2021-08-07T17:00:00.0000000Z,2021-08-07T16:45:00.1530000Z,2021-08-07T16:59:59.8090000Z,6.92e-06,6.96e-06,6.9e-06,6.94e-06,177891102506,3315
2021-08-07T17:00:00.0000000Z,2021-08-07T17:15:00.0000000Z,2021-08-07T17:00:00.2290000Z,2021-08-07T17:14:59.9150000Z,6.93e-06,6.98e-06,6.87e-06,6.88e-06,235592601592,4073
2021-08-07T17:15:00.0000000Z,2021-08-07T17:30:00.0000000Z,2021-08-07T17:15:01.2200000Z,2021-08-07T17:29:59.8130000Z,6.89e-06,6.91e-06,6.83e-06,6.87e-06,167509243546,3171
2021-08-07T17:30:00.0000000Z,2021-08-07T17:45:00.0000000Z,2021-08-07T17:30:00.6850000Z,2021-08-07T17:44:59.7310000Z,6.87e-06,6.88e-06,6.79e-06,6.82e-06,346874217178,4364
2021-08-07T17:45:00.0000000Z,2021-08-07T18:00:00.0000000Z,2021-08-07T17:45:00.5850000Z,2021-08-07T17:59:59.9020000Z,6.81e-06,6.85e-06,6.8e-06,6.85e-06,310211634426,4572
2021-08-07T18:00:00.0000000Z,2021-08-07T18:15:00.0000000Z,2021-08-07T18:00:00.1460000Z,2021-08-07T18:14:57.3050000Z,6.85e-06,6.85e-06,6.79e-06,6.81e-06,207360043579,2986
2021-08-07T18:15:00.0000000Z,2021-08-07T18:30:00.0000000Z,2021-08-07T18:15:00.7790000Z,2021-08-07T18:29:59.9020000Z,6.81e-06,6.84e-06,6.8e-06,6.83e-06,130279608374,1762
2021-08-07T18:30:00.0000000Z,2021-08-07T18:45:00.0000000Z,2021-08-07T18:30:01.2140000Z,2021-08-07T18:44:59.7360000Z,6.83e-06,6.86e-06,6.82e-06,6.84e-06,117331668961,1858
2021-08-07T18:45:00.0000000Z,2021-08-07T19:00:00.0000000Z,2021-08-07T18:45:00.1480000Z,2021-08-07T18:59:57.9690000Z,6.83e-06,6.85e-06,6.83e-06,6.85e-06,65640692859,1468
2021-08-07T19:00:00.0000000Z,2021-08-07T19:15:00.0000000Z,2021-08-07T19:00:00.0750000Z,2021-08-07T19:14:59.7770000Z,6.84e-06,6.98e-06,6.83e-06,6.97e-06,338395411332,3900
2021-08-07T19:15:00.0000000Z,2021-08-07T19:30:00.0000000Z,2021-08-07T19:15:00.7250000Z,2021-08-07T19:29:59.2280000Z,6.97e-06,7.07e-06,6.92e-06,7.04e-06,315641677109,5821
2021-08-07T19:30:00.0000000Z,2021-08-07T19:45:00.0000000Z,2021-08-07T19:30:00.0050000Z,2021-08-07T19:44:59.0560000Z,7.05e-06,7.05e-06,6.93e-06,6.96e-06,244312414569,3402
2021-08-07T19:45:00.0000000Z,2021-08-07T20:00:00.0000000Z,2021-08-07T19:45:00.8060000Z,2021-08-07T19:59:59.2340000Z,6.95e-06,7.1e-06,6.95e-06,7.07e-06,371967798752,5405
2021-08-07T20:00:00.0000000Z,2021-08-07T20:15:00.0000000Z,2021-08-07T20:00:00.2550000Z,2021-08-07T20:14:58.6450000Z,7.07e-06,7.08e-06,6.97e-06,6.98e-06,215507504317,3639
2021-08-07T20:15:00.0000000Z,2021-08-07T20:30:00.0000000Z,2021-08-07T20:15:00.0630000Z,2021-08-07T20:29:58.8200000Z,6.98e-06,7.05e-06,6.97e-06,7.05e-06,100320652993,1775
2021-08-07T20:30:00.0000000Z,2021-08-07T20:45:00.0000000Z,2021-08-07T20:30:00.5770000Z,2021-08-07T20:44:59.4050000Z,7.05e-06,7.15e-06,7.03e-06,7.13e-06,271016430394,6229
2021-08-07T20:45:00.0000000Z,2021-08-07T21:00:00.0000000Z,2021-08-07T20:45:00.1310000Z,2021-08-07T20:59:59.8160000Z,7.14e-06,7.16e-06,7.1e-06,7.11e-06,309646243760,4083
2021-08-07T21:00:00.0000000Z,2021-08-07T21:15:00.0000000Z,2021-08-07T21:00:00.1170000Z,2021-08-07T21:14:59.5890000Z,7.12e-06,7.18e-06,7.11e-06,7.16e-06,216196577394,3455
2021-08-07T21:15:00.0000000Z,2021-08-07T21:30:00.0000000Z,2021-08-07T21:15:02.7350000Z,2021-08-07T21:29:59.8480000Z,7.16e-06,7.2e-06,7.15e-06,7.2e-06,192600265281,3970
2021-08-07T21:30:00.0000000Z,2021-08-07T21:45:00.0000000Z,2021-08-07T21:30:00.1080000Z,2021-08-07T21:44:59.8890000Z,7.19e-06,7.24e-06,7.13e-06,7.15e-06,317553749974,7155
2021-08-07T21:45:00.0000000Z,2021-08-07T22:00:00.0000000Z,2021-08-07T21:45:00.2000000Z,2021-08-07T21:59:59.3400000Z,7.15e-06,7.16e-06,7.02e-06,7.02e-06,293161116094,4627
2021-08-07T22:00:00.0000000Z,2021-08-07T22:15:00.0000000Z,2021-08-07T22:00:00.3880000Z,2021-08-07T22:14:59.6570000Z,7.02e-06,7.14e-06,7.02e-06,7.14e-06,370454876710,4346
2021-08-07T22:15:00.0000000Z,2021-08-07T22:30:00.0000000Z,2021-08-07T22:15:00.2060000Z,2021-08-07T22:29:59.4550000Z,7.14e-06,7.2e-06,7.1e-06,7.19e-06,203198254176,2859
2021-08-07T22:30:00.0000000Z,2021-08-07T22:45:00.0000000Z,2021-08-07T22:30:01.3460000Z,2021-08-07T22:44:59.5460000Z,7.2e-06,7.34e-06,7.16e-06,7.28e-06,559554114491,11711
2021-08-07T22:45:00.0000000Z,2021-08-07T23:00:00.0000000Z,2021-08-07T22:45:00.9210000Z,2021-08-07T22:59:59.5170000Z,7.28e-06,7.3e-06,7.2e-06,7.25e-06,317637684397,4088
2021-08-07T23:00:00.0000000Z,2021-08-07T23:15:00.0000000Z,2021-08-07T23:00:00.5150000Z,2021-08-07T23:14:59.7010000Z,7.25e-06,7.4e-06,7.24e-06,7.4e-06,438049163254,8067
2021-08-07T23:15:00.0000000Z,2021-08-07T23:30:00.0000000Z,2021-08-07T23:15:00.7580000Z,2021-08-07T23:29:59.4100000Z,7.4e-06,7.67e-06,7.34e-06,7.67e-06,697111836816,18205
2021-08-07T23:30:00.0000000Z,2021-08-07T23:45:00.0000000Z,2021-08-07T23:30:00.0590000Z,2021-08-07T23:44:59.9990000Z,7.67e-06,7.8e-06,7.6e-06,7.73e-06,1186840568146,19202
2021-08-07T23:45:00.0000000Z,2021-08-08T00:00:00.0000000Z,2021-08-07T23:45:00.0000000Z,2021-08-07T23:59:59.5370000Z,7.73e-06,7.89e-06,7.68e-06,7.8e-06,897983498976,15536
